Luas_Tanah_m2,Luas_Bangunan_m2,Jumlah_Kamar,Umur_Bangunan_th,Jarak_ke_Pusat_km,Predicted_Harga,Lower_CI,Upper_CI
60,40,1,1,2,1022445999.3070803,62612781.19183469,1982279217.4223258
120,100,2,5,5,2180817263.818407,1220984045.7031615,3140650481.933653
250,200,3,10,10,3641876828.812864,2682043610.6976185,4601710046.928109
400,350,4,20,15,4893680060.614551,3933846842.499305,5853513278.729796
320,280,5,2,8,4967792774.246424,4007959556.131178,5927625992.36167
